MSE,RMSE,R2 Score
0.9353485679943857,0.9671342037144512,0.07365806230491201
